firstName,lastName,username,email,phone,password,type
Corrinne,Carlson,ccarlson0,ccarlson0@rambler.ru,5709344643,ccarlson0,
Katrinka,Piborn,kpiborn1,kpiborn1@linkedin.com,7967025636,kpiborn1,
Tonie,Pyper,tpyper2,tpyper2@about.me,6728819922,tpyper2,
Hewie,Foli,hfoli3,hfoli3@soundcloud.com,5813234825,hfoli3,
Charla,Jarman,cjarman4,cjarman4@amazon.co.jp,3968256799,cjarman4,
Ferdinanda,Crain,fcrain5,fcrain5@last.fm,3186280420,fcrain5,
Lindsay,Yvens,lyvens6,lyvens6@bloglines.com,4474024796,lyvens6,
Alvis,Turn,aturn7,aturn7@kickstarter.com,5168830694,aturn7,
Avigdor,Rentz,arentz8,arentz8@baidu.com,2744248822,arentz8,
Deina,Cochet,dcochet9,dcochet9@ed.gov,3848865015,dcochet9,
Jo-ann,Lokier,jlokiera,jlokiera@qq.com,1223779834,jlokiera,
Aidan,Redrup,aredrupb,aredrupb@dropbox.com,6975134120,aredrupb,
Berk,Chorley,bchorleyc,bchorleyc@boston.com,6975284039,bchorleyc,
Mady,Southern,msouthernd,msouthernd@amazonaws.com,4234913455,msouthernd,
Cassondra,Bolletti,cbollettie,cbollettie@fotki.com,1794746429,cbollettie,
Theodoric,Ebbin,tebbinf,tebbinf@wikimedia.org,6134558109,tebbinf,
Kristy,Penberthy,kpenberthyg,kpenberthyg@hostgator.com,7012729320,kpenberthyg,
Leese,Bransom,lbransomh,lbransomh@sakura.ne.jp,8224167240,lbransomh,
Charlot,Faucett,cfaucetti,cfaucetti@gravatar.com,6662688374,cfaucetti,
Emmalynn,O'Looney,eolooneyj,eolooneyj@over-blog.com,3525801179,eolooneyj,
Leontine,Roizin,lroizink,lroizink@theatlantic.com,5437981260,lroizink,
Damaris,Dyett,ddyettl,ddyettl@japanpost.jp,7669332424,ddyettl,
Elka,Winchcomb,ewinchcombm,ewinchcombm@epa.gov,4893942975,ewinchcombm,
Monte,Swiffen,mswiffenn,mswiffenn@amazon.com,7495637248,mswiffenn,
Rayna,Bartolomeazzi,rbartolomeazzio,rbartolomeazzio@mayoclinic.com,1974514850,rbartolomeazzio,
Brear,Lamasna,blamasnap,blamasnap@mtv.com,8739558912,blamasnap,
Bibbye,Gummary,bgummaryq,bgummaryq@latimes.com,4253968780,bgummaryq,
Grete,Rebert,grebertr,grebertr@sohu.com,3601849541,grebertr,
Camille,Folks,cfolkss,cfolkss@usa.gov,8813961385,cfolkss,
Jerrold,Ashburne,jashburnet,jashburnet@bravesites.com,9373112732,jashburnet,
Patrick,Pedrazzi,ppedrazziu,ppedrazziu@nytimes.com,4484152650,ppedrazziu,
Cory,Craw,ccrawv,ccrawv@icio.us,1484321811,ccrawv,
Gale,Linzey,glinzeyw,glinzeyw@dot.gov,6149370353,glinzeyw,
Tobe,Murrthum,tmurrthumx,tmurrthumx@ucoz.com,7022108205,tmurrthumx,
Simone,Shefton,ssheftony,ssheftony@quantcast.com,7632525425,ssheftony,
Rubie,D'Oyly,rdoylyz,rdoylyz@t.co,9508674634,rdoylyz,
Siward,Lazenbury,slazenbury10,slazenbury10@geocities.jp,3462646669,slazenbury10,
Hayley,Gilpillan,hgilpillan11,hgilpillan11@cornell.edu,6468805126,hgilpillan11,
Obadias,Cornilleau,ocornilleau12,ocornilleau12@exblog.jp,6351813690,ocornilleau12,
Jacky,Whales,jwhales13,jwhales13@hostgator.com,1195997985,jwhales13,
Ole,Matussevich,omatussevich14,omatussevich14@friendfeed.com,7086939576,omatussevich14,
Mellisa,Life,mlife15,mlife15@jigsy.com,8455610405,mlife15,
Nikaniki,Kedslie,nkedslie16,nkedslie16@pen.io,3045388058,nkedslie16,
Henrik,Dougherty,hdougherty17,hdougherty17@nsw.gov.au,7046327659,hdougherty17,
Rivy,Piscopo,rpiscopo18,rpiscopo18@exblog.jp,7085833170,rpiscopo18,
Leigh,Cauley,lcauley19,lcauley19@ftc.gov,3669369715,lcauley19,
Karrie,Lewinton,klewinton1a,klewinton1a@goo.gl,9702027736,klewinton1a,
Darin,Rainger,drainger1b,drainger1b@delicious.com,1582563064,drainger1b,
Huberto,Southworth,hsouthworth1c,hsouthworth1c@barnesandnoble.com,9081633654,hsouthworth1c,
Rice,Tackett,rtackett1d,rtackett1d@cbsnews.com,5238747949,rtackett1d,
Rodolphe,Honisch,rhonisch1e,rhonisch1e@nymag.com,1368916936,rhonisch1e,
Alli,Keuntje,akeuntje1f,akeuntje1f@delicious.com,9913530669,akeuntje1f,
Larry,Witham,lwitham1g,lwitham1g@t.co,1326018018,lwitham1g,
Jefferey,Tessington,jtessington1h,jtessington1h@mlb.com,7135772336,jtessington1h,
June,Bee,jbee1i,jbee1i@gizmodo.com,4121731139,jbee1i,
Eleanore,Olver,eolver1j,eolver1j@wunderground.com,9003193972,eolver1j,
Bartolemo,Carhart,bcarhart1k,bcarhart1k@so-net.ne.jp,1042654308,bcarhart1k,
Susanna,Orum,sorum1l,sorum1l@imdb.com,8976021865,sorum1l,
Burch,Doldon,bdoldon1m,bdoldon1m@clickbank.net,2983391483,bdoldon1m,
Thaxter,Dowding,tdowding1n,tdowding1n@chicagotribune.com,1986537851,tdowding1n,
Kary,Tongs,ktongs1o,ktongs1o@i2i.jp,3794551802,ktongs1o,
Chaddy,Rushe,crushe1p,crushe1p@abc.net.au,3077902675,crushe1p,
Fanni,Busch,fbusch1q,fbusch1q@arstechnica.com,2138305936,fbusch1q,
Waylen,Kleuer,wkleuer1r,wkleuer1r@storify.com,4114708170,wkleuer1r,
Robbie,Eymer,reymer1s,reymer1s@joomla.org,9221878723,reymer1s,
Skylar,Cowie,scowie1t,scowie1t@twitpic.com,6807801489,scowie1t,
Hilda,Djorevic,hdjorevic1u,hdjorevic1u@posterous.com,4599026433,hdjorevic1u,
Montague,Kohnert,mkohnert1v,mkohnert1v@google.co.uk,1607078744,mkohnert1v,
Annabell,Louden,alouden1w,alouden1w@nytimes.com,3681050986,alouden1w,
Thacher,Lindbergh,tlindbergh1x,tlindbergh1x@umich.edu,7089567868,tlindbergh1x,
Cyndia,Drinkwater,cdrinkwater1y,cdrinkwater1y@reddit.com,3685090539,cdrinkwater1y,
Tibold,Stanmer,tstanmer1z,tstanmer1z@dell.com,7545486806,tstanmer1z,
Julie,Readie,jreadie20,jreadie20@sun.com,5046189609,jreadie20,
Hasheem,Caso,hcaso21,hcaso21@ucoz.com,1597745255,hcaso21,
Sarge,Sobtka,ssobtka22,ssobtka22@bandcamp.com,2774164132,ssobtka22,
Connor,Sugar,csugar23,csugar23@dedecms.com,9636559298,csugar23,
Dimitry,Fillgate,dfillgate24,dfillgate24@elpais.com,9577667155,dfillgate24,
Derrick,Espadate,despadate25,despadate25@hp.com,8652594808,despadate25,
Brook,Walburn,bwalburn26,bwalburn26@alexa.com,2087129363,bwalburn26,
Dixie,Deville,ddeville27,ddeville27@discuz.net,1138394356,ddeville27,
Ikey,Lechmere,ilechmere28,ilechmere28@comsenz.com,4513555834,ilechmere28,
Pauli,Daley,pdaley29,pdaley29@unicef.org,6893589664,pdaley29,
Tarrance,Bullus,tbullus2a,tbullus2a@ted.com,5429951482,tbullus2a,
Haley,Nussey,hnussey2b,hnussey2b@nymag.com,9633661923,hnussey2b,
Harriot,Canet,hcanet2c,hcanet2c@constantcontact.com,9696218845,hcanet2c,
Doroteya,Peirazzi,dpeirazzi2d,dpeirazzi2d@sohu.com,7351247426,dpeirazzi2d,
Emmerich,Saulter,esaulter2e,esaulter2e@blogtalkradio.com,9692610584,esaulter2e,
Christopher,Papen,cpapen2f,cpapen2f@ox.ac.uk,6709819806,cpapen2f,
Wildon,Petrakov,wpetrakov2g,wpetrakov2g@cdc.gov,5884317124,wpetrakov2g,
Jaime,Kaindl,jkaindl2h,jkaindl2h@amazonaws.com,2579904192,jkaindl2h,
Gretta,Dreghorn,gdreghorn2i,gdreghorn2i@blinklist.com,9278199597,gdreghorn2i,
Mal,Barling,mbarling2j,mbarling2j@netlog.com,3772593308,mbarling2j,
Xenos,Sabie,xsabie2k,xsabie2k@apache.org,8211756694,xsabie2k,
Zoe,Matthai,zmatthai2l,zmatthai2l@cnet.com,5141249718,zmatthai2l,
Ethel,Ghelerdini,eghelerdini2m,eghelerdini2m@reuters.com,2472605079,eghelerdini2m,
Risa,Fortin,rfortin2n,rfortin2n@dailymail.co.uk,8017212020,rfortin2n,
Jareb,Niblock,jniblock2o,jniblock2o@cnbc.com,5165783947,jniblock2o,
Humphrey,Whaites,hwhaites2p,hwhaites2p@studiopress.com,6327934852,hwhaites2p,
Barton,Lacotte,blacotte2q,blacotte2q@state.gov,7369660256,blacotte2q,
Kayley,Viner,kviner2r,kviner2r@cpanel.net,2094217585,kviner2r,
